time,source OuterVoltage,source InnerVoltage,source QuasiFermiPotential,source DisplacementCurrent,source eCurrent,source hCurrent,source TotalCurrent,source Charge,gate OuterVoltage,gate InnerVoltage,gate QuasiFermiPotential,gate DisplacementCurrent,gate eCurrent,gate hCurrent,gate TotalCurrent,gate Charge,drain OuterVoltage,drain InnerVoltage,drain QuasiFermiPotential,drain DisplacementCurrent,drain eCurrent,drain hCurrent,drain TotalCurrent,drain Charge
0.01,0.0,0.0,0.0,0.0,-5.48491054550764e-13,1.88454212964505e-20,-5.48491035705343e-13,4.22668761994114e-16,-0.02,-0.02,0.0,0.0,-1.27867429094739e-18,-2.78326719865301e-18,-4.0619414896004e-18,-4.66322634246711e-15,10.0,10.0,0.0,0.0,5.48495044020304e-13,5.36265288152418e-20,5.48495097646833e-13,4.240557580473e-15
0.0297333333333333,0.0,0.0,0.0,0.0,-1.23805788379468e-13,3.20498495165696e-20,-1.23805756329618e-13,4.23303730750363e-16,-0.0594666666666667,-0.0594666666666667,0.0,0.0,-1.40160283129569e-18,-2.93661483408928e-18,-4.33821766538497e-18,-4.6644850690783e-15,10.0,10.0,0.0,0.0,1.23810040798553e-13,5.37487308247095e-20,1.23810094547284e-13,4.24118133832793e-15
0.0497333333333333,0.0,0.0,0.0,0.0,-2.73529590046442e-14,3.58867988267176e-20,-2.73529231178454e-14,4.23947278563779e-16,-0.0994666666666667,-0.0994666666666667,0.0,0.0,-1.42890656799556e-18,-2.97828383703759e-18,-4.40719040503315e-18,-4.66576080283153e-15,10.0,10.0,0.0,0.0,2.73572765423981e-14,5.37658523048471e-20,2.73573303082504e-14,4.24181352426775e-15
0.0697333333333333,0.0,0.0,0.0,0.0,-6.03621493880441e-15,3.74586204973838e-20,-6.03617748018391e-15,4.24590826026097e-16,-0.139466666666667,-0.139466666666667,0.0,0.0,-1.43491015871694e-18,-2.99388092194027e-18,-4.42879108065722e-18,-4.66703653599183e-15,10.0,10.0,0.0,0.0,6.04055248856037e-15,5.37827042037989e-20,6.04060627126457e-15,4.24244570996574e-15
0.0897333333333333,0.0,0.0,0.0,0.0,-1.33043826387036e-15,3.84748132614544e-20,-1.3303997890571e-15,4.25234373419831e-16,-0.179466666666667,-0.179466666666667,0.0,0.0,-1.43633176691951e-18,-3.00366371985485e-18,-4.43999548677436e-18,-4.66831226903011e-15,10.0,10.0,0.0,0.0,1.33478598521683e-15,5.37993270431009e-20,1.33483978454387e-15,4.24307789561027e-15
0.109733333333333,0.0,0.0,0.0,0.0,-2.9260398214457e-16,3.93173343304552e-20,-2.9256466481024e-16,4.25877920807216e-16,-0.219466666666667,-0.219466666666667,0.0,0.0,-1.43676862711786e-18,-3.01210639601445e-18,-4.44887502313231e-18,-4.66958800205023e-15,10.0,10.0,0.0,0.0,2.96959724095881e-16,5.38157374912355e-20,2.97013539833372e-16,4.24371008124301e-15
0.129733333333333,0.0,0.0,0.0,0.0,-6.38956252612841e-17,4.00756614889713e-20,-6.38555495997952e-17,4.26521468201757e-16,-0.259466666666667,-0.259466666666667,0.0,0.0,-1.43699379067146e-18,-3.02019365602891e-18,-4.45718744670037e-18,-4.67086373507491e-15,10.0,10.0,0.0,0.0,6.82589051064168e-17,5.38319400787323e-20,6.83127370464955e-17,4.24434226687315e-15
0.149733333333333,0.0,0.0,0.0,0.0,-1.35246997695408e-17,4.07739176870319e-20,-1.34839258518538e-17,4.27165015606202e-16,-0.299466666666667,-0.299466666666667,0.0,0.0,-1.43717321583442e-18,-3.02814339755319e-18,-4.46531661338761e-18,-4.67213946810892e-15,10.0,10.0,0.0,0.0,1.78953945266173e-17,5.38479386241008e-20,1.79492424652414e-17,4.24497445250272e-15
0.169733333333333,0.0,0.0,0.0,0.0,-2.43200434635347e-18,4.14217044441889e-20,-2.39058264190928e-18,4.2780856302093e-16,-0.339466666666667,-0.339466666666667,0.0,0.0,-1.43734250019833e-18,-3.03600550913345e-18,-4.47334800933178e-18,-4.67341520115308e-15,10.0,10.0,0.0,0.0,6.8100669144152e-18,5.38637368258611e-20,6.86393065124106e-18,4.24560663813215e-15
0.189733333333333,0.0,0.0,0.0,0.0,1.46657880425385e-20,4.20246007590609e-20,5.66903888015994e-20,4.28452110445802e-16,-0.379466666666667,-0.379466666666667,0.0,0.0,-1.43750927479666e-18,-3.0437923387257e-18,-4.48130161352236e-18,-4.67469093420737e-15,10.0,10.0,0.0,0.0,4.37073188642684e-18,5.38793382939251e-20,4.42461122472076e-18,4.24623882376157e-15
0.209733333333333,0.0,0.0,0.0,0.0,5.58598011029884e-19,4.25872558343732e-20,6.01185266864257e-19,4.29095657880574e-16,-0.419466666666667,-0.419466666666667,0.0,0.0,-1.43767517577674e-18,-3.05150801800364e-18,-4.48918319378039e-18,-4.67596666727154e-15,10.0,10.0,0.0,0.0,3.83410318036259e-18,5.38947465535391e-20,3.88799792691613e-18,4.24687100939097e-15
0.229733333333333,0.0,0.0,0.0,0.0,6.83603426461657e-19,4.31133672590861e-20,7.26716793720743e-19,4.29739205324981e-16,-0.459466666666667,-0.459466666666667,0.0,0.0,-1.43784055463753e-18,-3.05915417244628e-18,-4.49699472708381e-18,-4.67724240034535e-15,10.0,10.0,0.0,0.0,3.71636796831525e-18,5.39099650478104e-20,3.77027793336306e-18,4.24750319502037e-15
0.249733333333333,0.0,0.0,0.0,0.0,7.16277052227144e-19,4.36062161443544e-20,7.59883268371498e-19,4.30382752778763e-16,-0.499466666666667,-0.499466666666667,0.0,0.0,-1.43800548788695e-18,-3.06673171048878e-18,-4.50473719837573e-18,-4.67851813342853e-15,10.0,10.0,0.0,0.0,3.69092893286418e-18,5.39249971400452e-20,3.74485393000423e-18,4.24813538064977e-15
0.269733333333333,0.0,0.0,0.0,0.0,7.2855572050162e-19,4.40688552046736e-20,7.72624575706294e-19,4.31026300241664e-16,-0.539466666666667,-0.539466666666667,0.0,0.0,-1.43816999325256e-18,-3.07424128765296e-18,-4.51241128090552e-18,-4.67979386652084e-15,10.0,10.0,0.0,0.0,3.6858468590832e-18,5.39398461160271e-20,3.73978670519922e-18,4.24876756627917e-15
0.289733333333333,0.0,0.0,0.0,0.0,7.40748643346495e-19,4.35694432958289e-20,7.84318086642323e-19,4.31669847704565e-16,-0.579466666666667,-0.579466666666667,0.0,0.0,-1.43833407674347e-18,-3.08074889582513e-18,-4.5190829725686e-18,-4.68106959961313e-15,10.0,10.0,0.0,0.0,3.68081017968509e-18,5.39547062411931e-20,3.73476488592628e-18,4.24939975190857e-15
0.309733333333333,0.0,0.0,0.0,0.0,7.42774037843955e-19,4.49133837861987e-20,7.87687421630154e-19,4.32313395193835e-16,-0.619466666666667,-0.619466666666667,0.0,0.0,-1.4384977381623e-18,-3.08905705629126e-18,-4.52755479445356e-18,-4.6823453327318e-15,10.0,10.0,0.0,0.0,3.68589836533554e-18,5.39690074878626e-20,3.7398673728234e-18,4.25003193753797e-15
0.329733333333333,0.0,0.0,0.0,0.0,7.4470816383311e-19,4.52461731335517e-20,7.89954336966662e-19,4.32956942683105e-16,-0.659466666666667,-0.659466666666667,0.0,0.0,-1.43866098121289e-18,-3.09630958886295e-18,-4.53497057007583e-18,-4.68362106585048e-15,10.0,10.0,0.0,0.0,3.6910329133141e-18,5.39833197950742e-20,3.74501623310917e-18,4.25066412316737e-15
0.349733333333333,0.0,0.0,0.0,0.0,7.54971981251888e-19,4.56646452425414e-20,8.00636626494429e-19,4.33600490179584e-16,-0.699466666666667,-0.699466666666667,0.0,0.0,-1.43882380909212e-18,-3.10360097430085e-18,-4.54242478339297e-18,-4.68489679897635e-15,10.0,10.0,0.0,0.0,3.68779068291782e-18,5.39974739807181e-20,3.74178815689854e-18,4.25129630879677e-15
0.369733333333333,0.0,0.0,0.0,0.0,7.6516806831121e-19,4.51199401837938e-20,8.10288008495004e-19,4.34244037676063e-16,-0.739466666666667,-0.739466666666667,0.0,0.0,-1.43898622188479e-18,-3.1098803982791e-18,-4.54886662016389e-18,-4.68617253210223e-15,10.0,10.0,0.0,0.0,3.68456697252446e-18,5.40116391444233e-20,3.73857861166888e-18,4.25192849442617e-15
0.389733333333333,0.0,0.0,0.0,0.0,7.66599352256434e-19,4.63366202922252e-20,8.12935972548659e-19,4.34887585197104e-16,-0.779466666666667,-0.779466666666667,0.0,0.0,-1.43914821978875e-18,-3.11786982140368e-18,-4.55701804119243e-18,-4.68744826525267e-15,10.0,10.0,0.0,0.0,3.69005679933914e-18,5.40252693046329e-20,3.74408206864377e-18,4.25256068005557e-15
0.409733333333333,0.0,0.0,0.0,0.0,7.67923805016693e-19,4.65463156670533e-20,8.14470120683746e-19,4.35531132718146e-16,-0.819466666666667,-0.819466666666667,0.0,0.0,-1.43930980600865e-18,-3.12479943765621e-18,-4.56410924366486e-18,-4.68872399840311e-15,10.0,10.0,0.0,0.0,3.69560021262434e-18,5.40389103567759e-20,3.74963912298111e-18,4.25319286568496e-15
0.429733333333333,0.0,0.0,0.0,0.0,7.77774423663741e-19,4.69409667933549e-20,8.24715390457095e-19,4.36174680244686e-16,-0.859466666666667,-0.859466666666667,0.0,0.0,-1.43947098358258e-18,-3.13185913079575e-18,-4.57133011437833e-18,-4.68999973155905e-15,10.0,10.0,0.0,0.0,3.69256230779857e-18,5.40524161226671e-20,3.74661472392123e-18,4.25382505131436e-15
0.449733333333333,0.0,0.0,0.0,0.0,7.87551903163335e-19,4.63719740741155e-20,8.33923877237451e-19,4.36818227771226e-16,-0.899466666666667,-0.899466666666667,0.0,0.0,-1.43963175269077e-18,-3.13789860501082e-18,-4.57753035770159e-18,-4.69127546471498e-15,10.0,10.0,0.0,0.0,3.68954054776435e-18,5.40659326997906e-20,3.74360648046414e-18,4.25445723694376e-15
0.469733333333333,0.0,0.0,0.0,0.0,7.88540273168832e-19,4.74869606933927e-20,8.36027233862225e-19,4.3746177532071e-16,-0.939466666666667,-0.939466666666667,0.0,0.0,-1.43979211364546e-18,-3.14556319183975e-18,-4.58535530548521e-18,-4.69255119789387e-15,10.0,10.0,0.0,0.0,3.69524913551561e-18,5.40789361073748e-20,3.74932807162298e-18,4.25508942257316e-15
0.489733333333333,0.0,0.0,0.0,0.0,7.89410772873383e-19,4.75990073388827e-20,8.37009780212266e-19,4.38105322870194e-16,-0.979466666666667,-0.979466666666667,0.0,0.0,-1.43995206945773e-18,-3.15216480794716e-18,-4.59211687740489e-18,-4.69382693107275e-15,10.0,10.0,0.0,0.0,3.70101514695045e-18,5.4091950242173e-20,3.75510709719262e-18,4.25572160820255e-15
0.509733333333333,0.0,0.0,0.0,0.0,7.98928096861929e-19,4.79824485191392e-20,8.46910545381068e-19,4.38748870423647e-16,-1.01946666666667,-1.01946666666667,0.0,0.0,-1.44011162300551e-18,-3.15897605161461e-18,-4.59908767462012e-18,-4.69510266425559e-15,10.0,10.0,0.0,0.0,3.69807227924533e-18,5.41048499937232e-20,3.75217712923905e-18,4.25635379383195e-15
0.529733333333334,0.0,0.0,0.0,0.0,8.08366809506139e-19,4.74021297759378e-20,8.55768939282077e-19,4.393924179771e-16,-1.05946666666667,-1.05946666666667,0.0,0.0,-1.44027077456698e-18,-3.16476035525334e-18,-4.60503112982032e-18,-4.69637839743844e-15,10.0,10.0,0.0,0.0,3.69514443014473e-18,5.41177603935222e-20,3.74926219053825e-18,4.25698597946134e-15
0.549733333333334,0.0,0.0,0.0,0.0,8.08962368357533e-19,4.84338191098813e-20,8.57396187467415e-19,4.40035965552048e-16,-1.09946666666667,-1.09946666666667,0.0,0.0,-1.44042952455048e-18,-3.17209152332238e-18,-4.61252104787286e-18,-4.69765413064279e-15,10.0,10.0,0.0,0.0,3.7009946827768e-18,5.41301776286518e-20,3.75512486040545e-18,4.25761816509074e-15
0.569733333333334,0.0,0.0,0.0,0.0,8.09431785884485e-19,4.84670184728334e-20,8.57898804357318e-19,4.40679513126996e-16,-1.13946666666667,-1.13946666666667,0.0,0.0,-1.44058787579538e-18,-3.17835818447999e-18,-4.61894606027538e-18,-4.69892986384713e-15,10.0,10.0,0.0,0.0,3.70690465048806e-18,5.41426054300004e-20,3.76104725591806e-18,4.25825035072014e-15
0.589733333333334,0.0,0.0,0.0,0.0,8.18662588708208e-19,4.88465992815653e-20,8.67509187989774e-19,4.41323060704543e-16,-1.17946666666667,-1.17946666666667,0.0,0.0,-1.44074583103024e-18,-3.18490380642999e-18,-4.62564963746023e-18,-4.70020559705407e-15,10.0,10.0,0.0,0.0,3.70398551145288e-18,5.4154938017573e-20,3.75814044947046e-18,4.25888253634953e-15
0.609733333333334,0.0,0.0,0.0,0.0,8.27809812855128e-19,4.82628894125959e-20,8.76072702267724e-19,4.41966608282089e-16,-1.21946666666667,-1.21946666666667,0.0,0.0,-1.44090339062131e-18,-3.19041759948475e-18,-4.63132099010606e-18,-4.70148133026102e-15,10.0,10.0,0.0,0.0,3.70108100674426e-18,5.41672810940805e-20,3.75524828783834e-18,4.25951472197893e-15
0.629733333333334,0.0,0.0,0.0,0.0,8.28044519647484e-19,4.92253140412444e-20,8.77269833688728e-19,4.42610155879836e-16,-1.25946666666667,-1.25946666666667,0.0,0.0,-1.44106055505915e-18,-3.19740735952491e-18,-4.63846791458405e-18,-4.70275706348816e-15,10.0,10.0,0.0,0.0,3.70701893152734e-18,5.4179149367983e-20,3.76119808089533e-18,4.26014690760832e-15
0.649733333333334,0.0,0.0,0.0,0.0,8.28147192535215e-19,4.91934772470914e-20,8.77340669782306e-19,4.43253703477581e-16,-1.29946666666667,-1.29946666666667,0.0,0.0,-1.44121732702823e-18,-3.20333211461902e-18,-4.64454944164725e-18,-4.7040327967153e-15,10.0,10.0,0.0,0.0,3.71301774381427e-18,5.4191028050677e-20,3.76720877186494e-18,4.26077909323772e-15
0.669733333333334,0.0,0.0,0.0,0.0,8.37121097487386e-19,4.95739047886631e-20,8.86695002276049e-19,4.43897251076699e-16,-1.33946666666667,-1.33946666666667,0.0,0.0,-1.44137370911816e-18,-3.20959731984557e-18,-4.65097102896373e-18,-4.70530852994381e-15,10.0,10.0,0.0,0.0,3.71007319755725e-18,5.42028291304277e-20,3.76427602668768e-18,4.26141127886711e-15
0.689733333333334,0.0,0.0,0.0,0.0,8.46007228726494e-19,4.89919644464132e-20,8.94999193172907e-19,4.44540798675817e-16,-1.37946666666667,-1.37946666666667,0.0,0.0,-1.44152970177382e-18,-3.21482752188072e-18,-4.65635722365454e-18,-4.70658426317232e-15,10.0,10.0,0.0,0.0,3.70714338993832e-18,5.42146405433128e-20,3.76135803048164e-18,4.26204346449651e-15
0.709733333333334,0.0,0.0,0.0,0.0,8.45903124532971e-19,4.98956675388825e-20,8.95798792071854e-19,4.45184346293972e-16,-1.41946666666667,-1.41946666666667,0.0,0.0,-1.44168530555683e-18,-3.22146943218669e-18,-4.66315473774351e-18,-4.70785999641987e-15,10.0,10.0,0.0,0.0,3.71312995163468e-18,5.42259940369768e-20,3.76735594567166e-18,4.2626756501259e-15
0.729733333333334,0.0,0.0,0.0,0.0,8.45663154752862e-19,4.98096177000789e-20,8.95472772452941e-19,4.45827893912128e-16,-1.45946666666667,-1.45946666666667,0.0,0.0,-1.44184052301049e-18,-3.22704737126887e-18,-4.66888789427937e-18,-4.70913572966743e-15,10.0,10.0,0.0,0.0,3.719177764041e-18,5.42373577854288e-20,3.77341512182643e-18,4.2633078357553e-15
0.749733333333334,0.0,0.0,0.0,0.0,8.54399812420278e-19,5.01935345446697e-20,9.04593346964947e-19,4.46471441530558e-16,-1.49946666666667,-1.49946666666667,0.0,0.0,-1.44199535659529e-18,-3.23302031134243e-18,-4.67501566793772e-18,-4.71041146291525e-15,10.0,10.0,0.0,0.0,3.71617366083537e-18,5.42486601374081e-20,3.77042232097277e-18,4.26394002138469e-15
0.769733333333334,0.0,0.0,0.0,0.0,8.63045394320515e-19,4.96163408450127e-20,9.12661735165528e-19,4.47114989148988e-16,-1.53946666666667,-1.53946666666667,0.0,0.0,-1.44214980682613e-18,-3.23795664123657e-18,-4.6801064480627e-18,-4.71168719616307e-15,10.0,10.0,0.0,0.0,3.71318474022708e-18,5.42599726700929e-20,3.76744471289718e-18,4.26457220701408e-15
0.789733333333334,0.0,0.0,0.0,0.0,8.62619176302452e-19,5.04699548651793e-20,9.13089131167632e-19,4.47758536785417e-16,-1.57946666666667,-1.57946666666667,0.0,0.0,-1.44230387432608e-18,-3.24424729451123e-18,-4.68655116883731e-18,-4.7129629294289e-15,10.0,10.0,0.0,0.0,3.71919119483645e-18,5.42708428332273e-20,3.77346203766968e-18,4.26520439264348e-15
0.809733333333334,0.0,0.0,0.0,0.0,8.62055046149031e-19,5.03380206014027e-20,9.12393066750433e-19,4.48402084421846e-16,-1.61946666666667,-1.61946666666667,0.0,0.0,-1.44245756150918e-18,-3.24947591118208e-18,-4.69193347269126e-18,-4.71423866269472e-15,10.0,10.0,0.0,0.0,3.72525868284039e-18,5.42817231004382e-20,3.77954040594083e-18,4.26583657827287e-15
0.829733333333334,0.0,0.0,0.0,0.0,8.70568369841282e-19,5.07270825898278e-20,9.21295452431109e-19,4.49045632057566e-16,-1.65946666666667,-1.65946666666667,0.0,0.0,-1.4426108707159e-18,-3.25514859331654e-18,-4.69775946403244e-18,-4.71551439595983e-15,10.0,10.0,0.0,0.0,3.72217145469162e-18,5.42925569097066e-20,3.77646401160133e-18,4.26646876390227e-15
0.849733333333334,0.0,0.0,0.0,0.0,8.78988239928941e-19,5.01564295224557e-20,9.29144669451397e-19,4.49689179693286e-16,-1.69946666666667,-1.69946666666667,0.0,0.0,-1.44276380252316e-18,-3.25978436512459e-18,-4.70254816764775e-18,-4.71679012922494e-15,10.0,10.0,0.0,0.0,3.71910009744586e-18,5.43034007504946e-20,3.77340349819635e-18,4.26710094953166e-15
0.869733333333334,0.0,0.0,0.0,0.0,8.78253905756938e-19,5.09668199552318e-20,9.2922072571217e-19,4.50332727346075e-16,-1.73946666666667,-1.73946666666667,0.0,0.0,-1.44291635760733e-18,-3.26572329367052e-18,-4.70863965127786e-18,-4.71806586250713e-15,10.0,10.0,0.0,0.0,3.72510510899965e-18,5.43138165660416e-20,3.77941892556569e-18,4.26773313516105e-15
0.889733333333334,0.0,0.0,0.0,0.0,8.77381148102708e-19,5.0795748726947e-20,9.28176896829655e-19,4.50976274998863e-16,-1.77946666666667,-1.77946666666667,0.0,0.0,-1.4430685382635e-18,-3.27060312780642e-18,-4.71367166606992e-18,-4.71934159578931e-15,10.0,10.0,0.0,0.0,3.73117052690214e-18,5.43242423381262e-20,3.78549476924026e-18,4.26836532079045e-15
0.909733333333334,0.0,0.0,0.0,0.0,8.85681868045134e-19,5.11908065389986e-20,9.36872674584133e-19,4.51619822650063e-16,-1.81946666666667,-1.81946666666667,0.0,0.0,-1.44322034672056e-18,-3.27597129567471e-18,-4.71919164239527e-18,-4.7206173290699e-15,10.0,10.0,0.0,0.0,3.72798433236736e-18,5.43346354437826e-20,3.78231896781114e-18,4.26899750641984e-15
0.929733333333334,0.0,0.0,0.0,0.0,8.93887654653546e-19,5.06278185054882e-20,9.44515473159035e-19,4.52263370301263e-16,-1.85946666666667,-1.85946666666667,0.0,0.0,-1.44337178361024e-18,-3.28030360325742e-18,-4.72367538686766e-18,-4.72189306235049e-15,10.0,10.0,0.0,0.0,3.72481487527373e-18,5.43450384348974e-20,3.77915991370863e-18,4.26962969204923e-15
0.949733333333334,0.0,0.0,0.0,0.0,8.92858027195336e-19,5.14004791012402e-20,9.44258506296576e-19,4.52906917968699e-16,-1.89946666666667,-1.89946666666667,0.0,0.0,-1.44352284965496e-18,-3.28589331913864e-18,-4.7294161687936e-18,-4.72316879564732e-15,10.0,10.0,0.0,0.0,3.73080263584339e-18,5.43550266536261e-20,3.78515766249702e-18,4.27026187767863e-15
0.969733333333334,0.0,0.0,0.0,0.0,8.91690768161451e-19,5.11958297516779e-20,9.42886597913129e-19,4.53550465636135e-16,-1.93946666666667,-1.93946666666667,0.0,0.0,-1.44367354704002e-18,-3.29042797019886e-18,-4.73410151723888e-18,-4.72444452894415e-15,10.0,10.0,0.0,0.0,3.73684989464134e-18,5.43650246844144e-20,3.79121491932575e-18,4.27089406330802e-15
0.989733333333334,0.0,0.0,0.0,0.0,8.99787977494718e-19,5.15971278924003e-20,9.51385105387119e-19,4.54194013301194e-16,-1.97946666666667,-1.97946666666667,0.0,0.0,-1.44382387789067e-18,-3.2954909015269e-18,-4.73931477941757e-18,-4.7257202622386e-15,10.0,10.0,0.0,0.0,3.73355467122975e-18,5.43750028006989e-20,3.78792967403045e-18,4.27152624893741e-15
1.0,0.0,0.0,0.0,0.0,9.03907401330852e-19,5.14283179692512e-20,9.55335719300103e-19,4.54524367769258e-16,-2.0,-2.0,0.0,0.0,-1.44390090553223e-18,-3.29768495961642e-18,-4.74158586514865e-18,-4.72637513866309e-15,10.0,10.0,0.0,0.0,3.73187001716182e-18,5.43801286867315e-20,3.78625014584855e-18,4.27185077089383e-15
